ratio,F1
0.0,0.9720930232558139
0.015,0.9860788863109048
0.03,0.9919261822376009
0.045,0.9942329873125721
0.06,0.9942329873125721
0.075,0.9953917050691244
0.09,0.9965397923875432
0.105,0.9965397923875432
0.12,0.9965397923875432
0.135,0.9965397923875432
0.15,0.9965397923875432
0.16499999999999998,0.9976958525345622
0.18,0.9976958525345622
0.195,0.9976958525345622
0.21,0.9988492520138089
0.22499999999999998,1.0
0.24,1.0
0.255,1.0
0.27,1.0
0.285,1.0
0.3,1.0
