ratio,F1
0.0,0.963963963963964
0.015,0.9821428571428572
0.03,0.987736900780379
0.045,0.9933481152993348
0.06,0.9944629014396456
0.075,0.9944629014396456
0.09,0.9944629014396456
0.105,0.9944629014396456
0.12,0.9966777408637874
0.135,0.9966777408637874
0.15,0.9966777408637874
0.16499999999999998,0.9966777408637874
0.18,0.9966777408637874
0.195,0.9966777408637874
0.21,0.9966777408637874
0.22499999999999998,0.997787610619469
0.24,1.0
0.255,1.0
0.27,1.0
0.285,1.0
0.3,1.0
