theta,F1 above
0.5,0.9853438556933484
0.525,0.9864559819413092
0.55,0.9864559819413092
0.575,0.9875706214689266
0.6,0.9875424688561723
0.625,0.9875141884222474
0.65,0.9875141884222474
0.675,0.9897610921501706
0.7,0.992018244013683
0.725,0.992018244013683
0.75,0.992018244013683
0.775,0.992018244013683
0.8,0.992018244013683
0.825,0.992
0.8500000000000001,0.992
0.875,0.992
0.9,0.9919447640966628
0.925,0.9919447640966628
0.95,0.9919261822376009
0.9750000000000001,0.9964912280701754
1.0,1.0
