ratio,F1
0.0,0.9772727272727272
0.015,0.9909706546275394
0.03,0.9954751131221719
0.045,0.9954751131221719
0.06,0.9954751131221719
0.075,0.9954751131221719
0.09,0.9954751131221719
0.105,0.9954751131221719
0.12,0.9954751131221719
0.135,0.9954751131221719
0.15,0.9954751131221719
0.16499999999999998,0.9954751131221719
0.18,0.9966101694915254
0.195,0.9966101694915254
0.21,0.9966101694915254
0.22499999999999998,0.9977426636568849
0.24,1.0
0.255,1.0
0.27,1.0
0.285,1.0
0.3,1.0
