theta,ratio above
0.5,1.0
0.525,1.0
0.55,1.0
0.575,0.9995956328346138
0.6,0.9979781641730692
0.625,0.997573797007683
0.65,0.9971694298422968
0.675,0.9943388596845936
0.7,0.9943388596845936
0.725,0.9919126566922766
0.75,0.9902951880307319
0.775,0.9882733522038011
0.8,0.9854427820460978
0.825,0.9830165790537808
0.8500000000000001,0.9818034775576223
0.875,0.9805903760614638
0.9,0.9793772745653053
0.925,0.9761423372422159
0.95,0.9712899312575819
0.9750000000000001,0.9672462596037201
1.0,0.0
