ratio,F1
0.0,0.985981308411215
0.015,0.9918319719953325
0.03,0.9976635514018691
0.045,0.9988331388564761
0.06,0.9988331388564761
0.075,0.9988331388564761
0.09,0.9988331388564761
0.105,0.9988331388564761
0.12,1.0
0.135,1.0
0.15,1.0
0.16499999999999998,1.0
0.18,1.0
0.195,1.0
0.21,1.0
0.22499999999999998,1.0
0.24,1.0
0.255,1.0
0.27,1.0
0.285,1.0
0.3,1.0
