theta,F1 above
0.5,0.9724972497249724
0.525,0.973568281938326
0.55,0.9746416758544654
0.575,0.9757174392935981
0.6,0.9757174392935981
0.625,0.9778761061946902
0.65,0.9800443458980044
0.675,0.9800443458980044
0.7,0.98
0.725,0.98
0.75,0.98
0.775,0.9799107142857143
0.8,0.982102908277405
0.825,0.9832026875699889
0.8500000000000001,0.9832026875699889
0.875,0.9842696629213483
0.9,0.9853768278965129
0.925,0.9864864864864865
0.95,0.9875706214689266
0.9750000000000001,0.9896907216494845
1.0,1.0
