theta,F1 above
0.5,0.8
0.525,0.8
0.55,0.8
0.575,0.8
0.6,0.8
0.625,0.8
0.65,0.8
0.675,0.8
0.7,0.8
0.725,0.8
0.75,0.8
0.775,0.8
0.8,0.8
0.825,0.8
0.8500000000000001,0.8
0.875,0.8
0.9,0.8
0.925,0.8
0.95,0.8
0.9750000000000001,1.0
1.0,1.0
