ratio,F1
0.0,0.9865168539325843
0.015,0.992108229988726
0.03,0.9977528089887641
0.045,0.998875140607424
0.06,0.998875140607424
0.075,0.998875140607424
0.09,0.998875140607424
0.105,0.998875140607424
0.12,0.998875140607424
0.135,0.998875140607424
0.15,0.998875140607424
0.16499999999999998,1.0
0.18,1.0
0.195,1.0
0.21,1.0
0.22499999999999998,1.0
0.24,1.0
0.255,1.0
0.27,1.0
0.285,1.0
0.3,1.0
