ratio,F1
0.0,0.9818181818181818
0.015,0.9897377423033067
0.03,0.996594778660613
0.045,0.9977272727272727
0.06,0.9977272727272727
0.075,0.9988623435722412
0.09,0.9988623435722412
0.105,0.9988623435722412
0.12,0.9988623435722412
0.135,0.9988623435722412
0.15,0.9988623435722412
0.16499999999999998,0.9988623435722412
0.18,0.9988623435722412
0.195,0.9988623435722412
0.21,0.9988623435722412
0.22499999999999998,0.9988623435722412
0.24,1.0
0.255,1.0
0.27,1.0
0.285,1.0
0.3,1.0
