theta,ratio above
0.5,1.0
0.525,1.0
0.55,1.0
0.575,1.0
0.6,0.9995956328346138
0.625,0.9987868985038415
0.65,0.9983825313384553
0.675,0.9971694298422968
0.7,0.9971694298422968
0.725,0.9971694298422968
0.75,0.9967650626769107
0.775,0.9963606955115245
0.8,0.9963606955115245
0.825,0.9959563283461383
0.8500000000000001,0.9943388596845936
0.875,0.9927213910230489
0.9,0.9927213910230489
0.925,0.9906995551961181
0.95,0.9886777193691872
0.9750000000000001,0.9850384148807116
1.0,0.0
