ratio,F1
0.0,0.9802631578947368
0.015,0.986870897155361
0.03,0.9923497267759563
0.045,0.9923497267759563
0.06,0.9945235487404163
0.075,0.9945235487404163
0.09,0.9945235487404163
0.105,0.9956140350877193
0.12,0.9956140350877193
0.135,0.9956140350877193
0.15,0.9956140350877193
0.16499999999999998,0.9967069154774972
0.18,0.9967069154774972
0.195,0.9967069154774972
0.21,0.9967069154774972
0.22499999999999998,1.0
0.24,1.0
0.255,1.0
0.27,1.0
0.285,1.0
0.3,1.0
