theta,ratio above
0.5,1.0
0.525,1.0
0.55,1.0
0.575,1.0
0.6,1.0
0.625,1.0
0.65,1.0
0.675,1.0
0.7,0.9995956328346138
0.725,0.9995956328346138
0.75,0.9995956328346138
0.775,0.9995956328346138
0.8,0.9995956328346138
0.825,0.9995956328346138
0.8500000000000001,0.9995956328346138
0.875,0.9995956328346138
0.9,0.9995956328346138
0.925,0.9995956328346138
0.95,0.9995956328346138
0.9750000000000001,0.9991912656692277
1.0,0.9842296805499393
